<?xml version="1.0" encoding="utf-8"?>
<remv1:Remediation-Plugin xmlns:remv1="RemediationVersion1.xsd"
	Name="Telegram Alerts v1.3">
		<remv1:Action Name="Send Notification Bot"
		Command="C:\Windows\System32\WindowsPowerShell\v1.0\powershell.exe">
		<remv1:ConstantParameter Name="Script" Switch="-file C:\MessageTelegram_v13.ps1"
		Order="1" />
		 <remv1:StringParameter Name="BotToken" Switch="" Order="2" />
		 <remv1:StringParameter Name="ChatID" Switch="" Order="3" />
		 <remv1:StringParameter Name="User" Switch="" Order="4" />
		 <remv1:StringParameter Name="Host" Switch="" Order="5" />
		 <remv1:StringParameter Name="Classification" Switch="" Order="6" />
		 <remv1:StringParameter Name="AlarmID" Switch="" Order="7" />
		 <remv1:StringParameter Name="Date" Switch="" Order="8" />
		 <remv1:StringParameter Name="AlarmName" Switch="" Order="9" />
		 </remv1:Action>


</remv1:Remediation-Plugin>